category,keyword
Architecture,architecture
Chemistry,atomic
Chemistry,balcones
Chemistry,chem
Chemistry,chemistry
Computer Science,art intell
Computer Science,artificial intel
Computer Science,artificial intelligence
Computer Science,comp sci
Computer Science,complejidad
Computer Science,computat
Computer Science,computat sci
Computer Science,dworkin lab
Computer Science,enabling tech
Computer Science,eugene lawler
Computer Science,informat
Computer Science,informat & enabling technol
Computer Science,informatics
Computer Science,madalgo
Earth Science,ambientales
Earth Science,atmosfera
Earth Science,atmospher
Earth Science,buesgen inst
Earth Science,busgen inst
Earth Science,clima
Earth Science,climate
Earth Science,ctr etud nord
Earth Science,ctr svalbard
Earth Science,earth
Earth Science,energy
Earth Science,ft collins sci
Earth Science,geo
Earth Science,geol
Earth Science,hydrol
Earth Science,hydrophys
Earth Science,inst arctic
Earth Science,isotope
Earth Science,low temp
Earth Science,macaulay inst
Earth Science,meteorol
Earth Science,min
Earth Science,minerals
Earth Science,nordiques
Earth Science,oceanog
Earth Science,ore deposits
Earth Science,palaeontol
Earth Science,parsons lab
Earth Science,polar
Earth Science,quaternary
Earth Science,radiocarbon
Earth Science,radioisotope
Earth Science,remote sensing
Earth Science,space
Earth Science,spatial
Earth Science,svalbard unis
Earth Science,terra jaume
Education,educ
Engineering,coll engn & architecture
Engineering,control sci
Engineering,engn
Engineering,engr
Environmental Biology,ag
Environmental Biology,alaska sci ctr
Environmental Biology,alfred wegener
Environmental Biology,ambient
Environmental Biology,anim
Environmental Biology,appalachian lab
Environmental Biology,aquaculture
Environmental Biology,aquat
Environmental Biology,arbeitsgrp verhaltensforsch
Environmental Biology,aridas
Environmental Biology,ars cereal rust
Environmental Biology,arthur rylah
Environmental Biology,asko
Environmental Biology,avancats blanes
Environmental Biology,avanzados blanes
Environmental Biology,avian
Environmental Biology,barnes lab
Environmental Biology,belle w baruch
Environmental Biology,bio
Environmental Biology,bird
Environmental Biology,black mt labs
Environmental Biology,boreal inst
Environmental Biology,bot
Environmental Biology,boyce thompson inst
Environmental Biology,brackenridge field
Environmental Biology,buckhout
Environmental Biology,christchurch sci ctr
Environmental Biology,ciencies
Environmental Biology,clodomiro picado
Environmental Biology,coastal
Environmental Biology,community dynam
Environmental Biology,complutense
Environmental Biology,conservat
Environmental Biology,corail
Environmental Biology,coweeta
Environmental Biology,crop
Environmental Biology,cryoptogamy
Environmental Biology,ctr wood
Environmental Biology,dendro
Environmental Biology,dendrocronol
Environmental Biology,desert
Environmental Biology,dna barcoding
Environmental Biology,eco
Environmental Biology,edward grey
Environmental Biology,ekol
Environmental Biology,ent
Environmental Biology,env
Environmental Biology,erken lab
Environmental Biology,estuar
Environmental Biology,ethol
Environmental Biology,evol
Environmental Biology,farlington ringing
Environmental Biology,field sci
Environmental Biology,fish
Environmental Biology,florestais
Environmental Biology,florida integrated
Environmental Biology,forest
Environmental Biology,foret
Environmental Biology,forets
Environmental Biology,fram
Environmental Biology,freshwater
Environmental Biology,genet
Environmental Biology,grassland
Environmental Biology,greeley mem lab
Environmental Biology,harbor
Environmental Biology,herpetol
Environmental Biology,hoffmann inst
Environmental Biology,horn point lab
Environmental Biology,hort
Environmental Biology,iam
Environmental Biology,ichtyol
Environmental Biology,ictiol
Environmental Biology,immunoecol
Environmental Biology,indie
Environmental Biology,insect
Environmental Biology,insect sci
Environmental Biology,instaar
Environmental Biology,james hutton
Environmental Biology,lab costero calfuco
Environmental Biology,lake
Environmental Biology,land
Environmental Biology,leetown sci
Environmental Biology,life
Environmental Biology,limn
Environmental Biology,linc global
Environmental Biology,lincglobal
Environmental Biology,lorenz
Environmental Biology,louis calder
Environmental Biology,management
Environmental Biology,mar
Environmental Biology,marine
Environmental Biology,maritime
Environmental Biology,mediterr
Environmental Biology,meereskunde
Environmental Biology,moreau lab
Environmental Biology,mt studies
Environmental Biology,nat
Environmental Biology,nematol
Environmental Biology,nsw dept primary ind
Environmental Biology,ocean
Environmental Biology,oceanog
Environmental Biology,okol
Environmental Biology,orn
Environmental Biology,paleo
Environmental Biology,pasture sci
Environmental Biology,percy fitzpatrick
Environmental Biology,pesquisa amazonia
Environmental Biology,pesticide lab
Environmental Biology,phytol
Environmental Biology,plant
Environmental Biology,populat
Environmental Biology,prairie sci
Environmental Biology,ralph m parsons
Environmental Biology,range
Environmental Biology,recanati kaplan
Environmental Biology,rech halieut
Environmental Biology,reef
Environmental Biology,rivers
Environmental Biology,russell labs
Environmental Biology,sea
Environmental Biology,shrub sci lab
Environmental Biology,silvicultura
Environmental Biology,smithsonian
Environmental Biology,soil
Environmental Biology,species
Environmental Biology,st anthony falls lab
Environmental Biology,streamside studies
Environmental Biology,technosuruga lab co ltd
Environmental Biology,terradynam
Environmental Biology,tree ring lab
Environmental Biology,trop
Environmental Biology,univ politecn valencia
Environmental Biology,vegetal
Environmental Biology,verteb
Environmental Biology,vida
Environmental Biology,vogelwarte
Environmental Biology,volcani
Environmental Biology,water
Environmental Biology,watershed
Environmental Biology,wetland
Environmental Biology,wild
Environmental Biology,zoo
Humanities,archeol
Humanities,arqueol
Humanities,bunting inst
Humanities,english
Humanities,latin
Humanities,liberal arts
Humanities,literature
Interdisciplinary Computing,bioinf
Interdisciplinary Computing,bioinform
Interdisciplinary Computing,complex syst res grp
Interdisciplinary Computing,computat ecol
Interdisciplinary Computing,computat land
Interdisciplinary Computing,data sci
Interdisciplinary Computing,ecoinfo
Interdisciplinary Computing,info tech
Interdisciplinary Computing,inform tech
Interdisciplinary Computing,informa
Interdisciplinary Computing,informat
Interdisciplinary Computing,modelling sci
Interdisciplinary Computing,theory & modeling
Interdisciplinary Computing,univ politecn catalunya
Life Science,aarhus inst
Life Science,aronoff lab
Life Science,babraham inst
Life Science,bacteriol
Life Science,barnes lab
Life Science,canc
Life Science,charles perkins
Life Science,communicable
Life Science,corson lab
Life Science,ctr louis emberger
Life Science,david clark labs
Life Science,dis control
Life Science,enabling technol
Life Science,epidemiol
Life Science,food
Life Science,forens
Life Science,genet
Life Science,gulbenkian inst
Life Science,haartman inst
Life Science,helmholtz ctr
Life Science,helmintol
Life Science,hlth
Life Science,huch lab
Life Science,ineuci
Life Science,infect
Life Science,inst butantan
Life Science,inst venezolano
Life Science,inst vogelforsch
Life Science,karolinska inst
Life Science,liggins inst
Life Science,med
Life Science,microbiol
Life Science,microorganisms
Life Science,neison labs
Life Science,nelson labs
Life Science,neurobiol
Life Science,neurogenet
Life Science,neurosci
Life Science,nucats
Life Science,nutr
Life Science,ophthalmol
Life Science,outbreak anal
Life Science,parasitol
Life Science,parsitol
Life Science,pathol
Life Science,pharm
Life Science,physiol
Life Science,radiat
Life Science,radiol
Life Science,reg hosp
Life Science,salud
Life Science,salut
Life Science,serv alta tecno
Life Science,stress adaptat
Life Science,tech st jerome
Life Science,usda
Life Science,verhaltensphysiol
Life Science,vero beach lab
Life Science,vet genom
Life Science,virol
Math,dept matemat
Math,math
Math,mathemat
Math,mathemati
Math,mathematics
Math,nevanlinna inst
Math,santa fe inst
Math,stat
Math,statistics
Physics,ctr atom bariloche
Physics,gleb wataghin
Physics,inst adv
Physics,inst balseiro
Physics,isotrace
Physics,langmuir
Physics,nucl
Physics,phys
Physics,reg bariloche
Physics,theor
Remove,british antarctic survey
Remove,capita
Remove,capital
Remove,capitol
Remove,consult
Remove,fish and wildlife
Remove,fiw
Remove,geol survey
Remove,kennedy space
Remove,nasa
Remove,national oceanic and
Remove,noaa
Remove,save elephants
Remove,usda
Remove,usgs geological survey
Social Science,anthropol
Social Science,business
Social Science,commerce
Social Science,ctr noumea
Social Science,culture
Social Science,govt
Social Science,law
Social Science,politi
Social Science,pondichery
Social Science,psychiat
Social Science,saami studies
Social Science,social
Social Science,sociol
Social Science,woodrow wilson sch
