category,keyword,flag
Architecture,architecture,
Chemistry,chem,
ComputerScience,comp sci,
ComputerScience,complejidad,
ComputerScience,computat,
ComputerScience,computat sci,
ComputerScience,dworkin lab,
ComputerScience,eugene lawler,
ComputerScience,madalgo,
ComputerScience,planck inst,also in Physics
EarthScience,ambientales,
EarthScience,atmosfera,
EarthScience,atmosphere,
EarthScience,buesgen inst,
EarthScience,busgen inst,
EarthScience,clima,
EarthScience,climate,
EarthScience,ctr svalbard,
EarthScience,earth,
EarthScience,energy,
EarthScience,ft collins sci,
EarthScience,geo,
EarthScience,geol,
EarthScience,hydrol,
EarthScience,hydrophys,
EarthScience,inst arctic,
EarthScience,isotope,
EarthScience,low temp,
EarthScience,macaulay inst,
EarthScience,meteorol,
EarthScience,min,
EarthScience,minerals,
EarthScience,nordiques,
EarthScience,ore deposits,
EarthScience,palaeontol,
EarthScience,parsons lab,
EarthScience,polar,
EarthScience,quaternary,
EarthScience,radiocarbon,
EarthScience,radioisotope,
EarthScience,remote sensing,
EarthScience,space,
EarthScience,spatial,
EarthScience,svalbard unis,
EarthScience,terra jaume,
Education,curriculum,
Education,educ,
Engineering,control sci,
Engineering,engn,
EnvironmentalBiology,ag sci,
EnvironmentalBiology,agr,
EnvironmentalBiology,agron,
EnvironmentalBiology,alaska sci ctr,
EnvironmentalBiology,alfred wegener inst,
EnvironmentalBiology,ambiental amazonia,
EnvironmentalBiology,anim,
EnvironmentalBiology,appalachian lab,
EnvironmentalBiology,aquaculture,
EnvironmentalBiology,aquat,
EnvironmentalBiology,arbeitsgrp verhaltensforsch,
EnvironmentalBiology,aridas,
EnvironmentalBiology,ars cereal rust,
EnvironmentalBiology,arthur rylah,
EnvironmentalBiology,asko,
EnvironmentalBiology,avancats blanes,
EnvironmentalBiology,avanzados blanes,
EnvironmentalBiology,avian,
EnvironmentalBiology,barnes lab,also in non-EnvBio
EnvironmentalBiology,belle w baruch,
EnvironmentalBiology,bio,
EnvironmentalBiology,biol,
EnvironmentalBiology,bird,
EnvironmentalBiology,black mt labs,
EnvironmentalBiology,boreal inst,
EnvironmentalBiology,bot,
EnvironmentalBiology,boyce thompson inst,
EnvironmentalBiology,brackenridge field,
EnvironmentalBiology,buckhout,
EnvironmentalBiology,christchurch sci ctr,
EnvironmentalBiology,ciencies mar,
EnvironmentalBiology,clodomiro picado,
EnvironmentalBiology,coastal monitoring,
EnvironmentalBiology,coevoluc,
EnvironmentalBiology,community dynam,
EnvironmentalBiology,complutense,
EnvironmentalBiology,conservat,
EnvironmentalBiology,corail,
EnvironmentalBiology,coweeta,
EnvironmentalBiology,crop,
EnvironmentalBiology,cryoptogamy,
EnvironmentalBiology,ctr coastal studies,
EnvironmentalBiology,ctr wood,
EnvironmentalBiology,dauphin isl sea,
EnvironmentalBiology,dendro,
EnvironmentalBiology,dendrocronol,
EnvironmentalBiology,dept vertebrates,
EnvironmentalBiology,desert,
EnvironmentalBiology,dna barcoding,
EnvironmentalBiology,eco,
EnvironmentalBiology,ecosyst,
EnvironmentalBiology,edward grey,
EnvironmentalBiology,ekol,
EnvironmentalBiology,ent,
EnvironmentalBiology,env,
EnvironmentalBiology,erken lab,
EnvironmentalBiology,estuar,
EnvironmentalBiology,ethol,
EnvironmentalBiology,evol,
EnvironmentalBiology,farlington ringing,
EnvironmentalBiology,fdn alfred wegener,
EnvironmentalBiology,field sci,
EnvironmentalBiology,fish,
EnvironmentalBiology,florestais,
EnvironmentalBiology,florida integrated,
EnvironmentalBiology,forest,
EnvironmentalBiology,foret,
EnvironmentalBiology,forets,
EnvironmentalBiology,fram,
EnvironmentalBiology,freshwater,
EnvironmentalBiology,friday harbor,
EnvironmentalBiology,friday harbor labs,
EnvironmentalBiology,genet,
EnvironmentalBiology,grassland,
EnvironmentalBiology,greeley mem lab,
EnvironmentalBiology,herpetol,
EnvironmentalBiology,hoffmann inst,
EnvironmentalBiology,horitcul,
EnvironmentalBiology,horn point lab,
EnvironmentalBiology,hort,
EnvironmentalBiology,ichtyol,
EnvironmentalBiology,ictiol,
EnvironmentalBiology,immunoecol,
EnvironmentalBiology,insect,
EnvironmentalBiology,insect sci,
EnvironmentalBiology,instaar,
EnvironmentalBiology,invertebrates,
EnvironmentalBiology,james hutton,
EnvironmentalBiology,konrad lorenz,
EnvironmentalBiology,lab costero calfuco,
EnvironmentalBiology,lake,
EnvironmentalBiology,lakes,
EnvironmentalBiology,land,
EnvironmentalBiology,leetown sci,
EnvironmentalBiology,life sci,
EnvironmentalBiology,limn,
EnvironmentalBiology,limnol,
EnvironmentalBiology,linc global,
EnvironmentalBiology,lincglobal,
EnvironmentalBiology,louis calder,
EnvironmentalBiology,macroecol,
EnvironmentalBiology,management,
EnvironmentalBiology,marine,
EnvironmentalBiology,marinha & ambiental,
EnvironmentalBiology,medio ambiente,
EnvironmentalBiology,medioambientales,
EnvironmentalBiology,mediterranean,
EnvironmentalBiology,mediterraneo,
EnvironmentalBiology,mediterrani,
EnvironmentalBiology,meereskunde,
EnvironmentalBiology,moreau lab,
EnvironmentalBiology,mt studies,
EnvironmentalBiology,nat,
EnvironmentalBiology,nematol,
EnvironmentalBiology,nsw dept primary ind,
EnvironmentalBiology,ocean,
EnvironmentalBiology,oceanog,
EnvironmentalBiology,okol,
EnvironmentalBiology,orn,
EnvironmentalBiology,paleobiol,
EnvironmentalBiology,paleobot,
EnvironmentalBiology,paleontol,
EnvironmentalBiology,pasture sci,
EnvironmentalBiology,percy fitzpatrick,
EnvironmentalBiology,pesquisa amazonia,
EnvironmentalBiology,pesticide lab,
EnvironmentalBiology,phytol,
EnvironmentalBiology,plant,
EnvironmentalBiology,populat,
EnvironmentalBiology,prairie sci,
EnvironmentalBiology,ralph m parsons,
EnvironmentalBiology,range,
EnvironmentalBiology,recanati kaplan,
EnvironmentalBiology,rech halieut,
EnvironmentalBiology,reef,
EnvironmentalBiology,res,
EnvironmentalBiology,river,
EnvironmentalBiology,rivers,
EnvironmentalBiology,rocky mt,
EnvironmentalBiology,russell labs,
EnvironmentalBiology,schweiz vogelwarte,
EnvironmentalBiology,shrub sci lab,
EnvironmentalBiology,silvicultura,
EnvironmentalBiology,smithsonian,
EnvironmentalBiology,soil,
EnvironmentalBiology,species,
EnvironmentalBiology,st anthony falls lab,
EnvironmentalBiology,streamside studies,
EnvironmentalBiology,technosuruga lab co ltd,
EnvironmentalBiology,terradynam,
EnvironmentalBiology,tree ring lab,
EnvironmentalBiology,trop,
EnvironmentalBiology,vegetal,
EnvironmentalBiology,vida,
EnvironmentalBiology,vogelforsch vogelwarte helgoland,
EnvironmentalBiology,volcani,
EnvironmentalBiology,w indie lab,
EnvironmentalBiology,w indies lab,
EnvironmentalBiology,watershed,
EnvironmentalBiology,wetland,
EnvironmentalBiology,wildbiol,
EnvironmentalBiology,wildlands,
EnvironmentalBiology,wildlife,
EnvironmentalBiology,zoo,
EnvironmentalBiology,zool,
Humanities,archeol,
Humanities,arqueol,
Humanities,bunting inst,
Humanities,english,
Humanities,latin,
Humanities,liberal arts,
Humanities,literature,
Math,dept matemat,
Math,math,
Math,nevanlinna inst,
Math,santa fe inst,
Math,stat,
NonEnvironmentalBiology,aarhus inst,
NonEnvironmentalBiology,aronoff lab,
NonEnvironmentalBiology,babraham inst,
NonEnvironmentalBiology,bacteriol,
NonEnvironmentalBiology,barnes lab,also in EnvBio
NonEnvironmentalBiology,canc,
NonEnvironmentalBiology,charles perkins,
NonEnvironmentalBiology,communicable,
NonEnvironmentalBiology,corson lab,
NonEnvironmentalBiology,ctr louis emberger,
NonEnvironmentalBiology,david clark labs,
NonEnvironmentalBiology,dis control,
NonEnvironmentalBiology,enabling technol,
NonEnvironmentalBiology,epidemiol,
NonEnvironmentalBiology,food,
NonEnvironmentalBiology,forens,
NonEnvironmentalBiology,gen,
NonEnvironmentalBiology,genom,
NonEnvironmentalBiology,gulbenkian inst,
NonEnvironmentalBiology,haartman inst,
NonEnvironmentalBiology,helmholtz ctr,
NonEnvironmentalBiology,helmintol,
NonEnvironmentalBiology,hlth,
NonEnvironmentalBiology,huch lab,
NonEnvironmentalBiology,ineuci,
NonEnvironmentalBiology,infect,
NonEnvironmentalBiology,inst butantan,
NonEnvironmentalBiology,inst venezolano,
NonEnvironmentalBiology,inst vogelforsch,
NonEnvironmentalBiology,karolinska inst,
NonEnvironmentalBiology,liggins inst,
NonEnvironmentalBiology,med,
NonEnvironmentalBiology,microbiol,
NonEnvironmentalBiology,microorganisms,
NonEnvironmentalBiology,neison labs,
NonEnvironmentalBiology,nelson labs,
NonEnvironmentalBiology,neurobiol,
NonEnvironmentalBiology,neurogenet,
NonEnvironmentalBiology,neurosci,
NonEnvironmentalBiology,nucats,
NonEnvironmentalBiology,nutr,
NonEnvironmentalBiology,ophthalmol,
NonEnvironmentalBiology,outbreak anal,
NonEnvironmentalBiology,parasitol,
NonEnvironmentalBiology,parsitol,
NonEnvironmentalBiology,pathol,
NonEnvironmentalBiology,pharm,
NonEnvironmentalBiology,radiat,
NonEnvironmentalBiology,radiol,
NonEnvironmentalBiology,reg hosp,
NonEnvironmentalBiology,salud,
NonEnvironmentalBiology,salut,
NonEnvironmentalBiology,serv alta tecno,
NonEnvironmentalBiology,stress adaptat,
NonEnvironmentalBiology,tech st jerome,
NonEnvironmentalBiology,verhaltensphysiol,
NonEnvironmentalBiology,vero beach lab,
NonEnvironmentalBiology,vet,
NonEnvironmentalBiology,virol,
Physics,ctr atom bariloche,
Physics,gleb wataghin,
Physics,inst balseiro,
Physics,langmuir,
Physics,nucl,
Physics,phys,
Physics,planck inst,also in CS
Physics,reg bariloche,
SocialScience,anthropol,
SocialScience,business,
SocialScience,commerce,
SocialScience,ctr noumea,
SocialScience,culture,
SocialScience,govt,
SocialScience,law,
SocialScience,oxford martin sch,
SocialScience,polit,
SocialScience,pondichery,
SocialScience,psychiat,
SocialScience,saami studies,
SocialScience,social,
SocialScience,sociol,
SocialScience,woodrow wilson sch,
